-0.10811,0.51351,0.48649,-1,-1,-0.37838,-0.37838,-0.37838,-0.37838,-0.027027,-0.027027,-0.027027,0.21622,0.62162,0.081081,0.75676,0.7027,0.62162,0.37838,0.13514,0.94595,0.97297,0.7027,-0.081081,0.13514,0.37838,0.24324,0.10811,0.10811,0.81081,0.40541,0.40541,0.16216,0.51351,0.21622,0.32432,0.27027,0.59459,0.054054,0.054054,0.37838,-0.081081,0.51351,0.18919,0.18919,0.35135,0.51351,0.21622,0.24324,0.054054,0.21622,0.16216,0.2973,0.54054,0.21622,0.48649,0.32432,0.89189,0.78378,0.78378,0.78378,0.2973,0.54054,0.45946,0.7027,0.7027,0.32432
1,1,-1,1,1,-1,-1,-1,-1,1,1,1,1,-1,1,1,1,1,1,-1,1,-1,-1,1,1,1,1,1,1,-1,1,1,1,-1,-1,1,-1,-1,1,1,1,1,1,1,1,1,1,1,-1,1,1,1,1,1,1,1,1,1,-1,-1,-1,1,1,1,1,1,-1
-0.90171,-0.79633,-0.93387,-0.83315,-0.94159,-0.8978,-0.93997,-0.98888,-0.97241,-0.82415,-0.80124,-0.84322,-0.78617,0.98317,-0.96246,-0.6472,-0.77346,-0.83622,-0.89158,-0.84025,-0.77552,-0.68624,-0.79941,-0.81698,-0.79131,-0.88158,-0.66263,-0.56577,-0.62608,-0.86799,-0.85875,-0.86927,-0.91352,-0.80063,-0.90722,-0.87594,-0.90483,-0.82523,-0.88704,-0.91514,-0.8551,-0.8667,-0.69966,-0.86799,-0.85372,-0.931,-0.88316,-0.82306,-0.87054,-0.88394,-0.91642,-0.86756,-0.87512,-1,-0.94712,-0.87879,-0.91833,-0.76999,-0.60725,-0.60725,-0.53648,-0.68525,-0.73372,-0.47694,0.033057,-0.64946,-0.57451
-0.73067,-0.62663,-0.75575,-0.50574,-0.87024,-0.82644,-0.90414,-0.93839,-0.9054,-0.49752,-0.52962,-0.5721,-0.24597,-0.81103,-0.768,-0.6711,-0.86358,-0.45557,-0.62119,-0.51268,-0.25149,-0.024268,-0.29227,-0.40718,-0.32887,-0.52851,-0.6221,-0.45941,-0.51038,-0.53514,-0.49752,-0.54385,-0.64255,-0.31416,-0.65029,-0.546,-0.6579,-0.37237,-0.58116,-0.66041,-0.5721,-0.57716,-0.026819,-0.53184,-0.56597,-0.68937,-0.77116,-0.51953,-0.81937,-0.64168,-0.64858,-0.56802,-0.56287,-0.9054,-0.73967,-0.73485,-0.68468,-0.99396,-0.43727,-0.43727,-0.5524,-0.95656,-0.55975,-0.39005,-0.47574,-0.63906,-0.66207
0.28207,0.01354,0.50491,-0.041658,0.7232,0.63184,0.84973,0.93948,0.89022,-0.057294,-0.037138,0.046284,-0.25207,-0.18472,0.59226,-0.08164,-0.21724,-0.057926,0.19859,-0.0074394,-0.26519,-0.44863,-0.20722,-0.09958,-0.21531,0.096139,-0.1264,-0.28616,-0.27965,0.068832,0.021527,0.074188,0.273,-0.19309,0.24152,0.092867,0.26882,-0.12327,0.14945,0.30846,0.11284,0.096072,-0.44048,0.067118,0.045934,0.37553,0.38177,-0.0051893,0.38146,0.24482,0.29265,0.13313,0.095945,1,0.49865,0.26424,0.32578,0.63684,-0.31793,-0.31793,-0.27897,0.28672,-0.18656,-0.48564,-0.74976,0.038807,-0.020047
-0.78941,-0.87608,-0.86446,-0.9097,-0.66064,-0.65354,-0.68348,-0.72923,-0.7293,-0.88194,-0.7839,-0.87382,-0.99292,0.12987,-0.96556,-0.72761,0.15654,-0.95149,-0.89436,-0.94225,-0.97015,-0.96645,-0.98413,-0.9444,-0.95715,-0.98038,-0.82279,-0.62478,-0.67318,-0.94381,-0.95621,-0.9426,-0.94271,-0.9732,0.12488,-0.95966,-0.89734,-0.97923,-0.95592,-0.93283,-0.91684,-0.90541,-0.98333,-0.93652,-0.86141,-0.95234,-0.72272,-0.89055,-0.74238,-0.89084,-0.95199,-0.92558,-0.93718,-0.88262,-0.93044,-0.75932,-0.90848,-0.22627,-0.85081,-0.85081,-0.79644,0.2213,-0.77049,-0.67246,-0.14986,-0.73028,-0.69988
-0.92003,-0.92941,-0.95679,-0.94574,-0.91307,-0.89622,-0.92365,-0.94546,-0.94153,-0.92797,-0.87082,-0.93233,-0.99016,0.25592,-0.989,-0.79565,-0.53569,-0.96842,-0.95262,-0.9652,-0.97141,-0.95547,-0.98424,-0.96106,-0.96431,-0.98794,-0.86886,-0.63728,-0.71341,-0.96925,-0.97402,-0.96913,-0.97561,-0.97664,-0.96982,-0.97794,-0.95749,-0.98314,-0.9779,-0.97292,-0.95678,-0.95254,-1,-0.96583,-0.92806,-0.98178,-0.90162,-0.93492,-0.90685,-0.95309,-0.97979,-0.96268,-0.96758,-0.97627,-0.97724,-0.90666,-0.96483,-0.76613,-0.85004,-0.85004,-0.79359,-0.47108,-0.83246,-0.86213,-1,-0.78917,-0.73599
0.41551,0.25472,0.65484,0.14564,0.61029,0.66469,0.8178,0.91301,0.82225,0.0098742,0.18769,0.22884,0.52061,-0.057897,0.57577,0.35606,0.60495,0.16424,0.4053,-0.046189,0.056336,-0.0095238,0.18163,0.053298,0.3165,0.52108,-0.12702,0.15115,-0.078251,0.34859,0.35467,0.4585,0.50084,0.0035184,0.12914,0.318,0.52846,0.21696,0.6217,0.42698,0.35175,0.28477,-0.067766,0.25207,0.29566,0.24681,0.38256,0.21835,0.46874,0.34274,0.46191,0.24793,0.4468,0.81846,0.42814,0.39028,0.36242,0.14959,0.13319,0.13319,0.16239,0.48829,0.5953,0.027807,-0.74524,0.33963,0.23767
0.56774,0.36737,0.75971,0.3921,0.7955,0.78301,0.96911,0.94524,1,0.33279,0.3324,0.35301,0.3968,0.46879,0.85114,0.33793,0.3804,0.34341,0.51502,0.38383,0.24318,0.15643,0.28223,0.41162,0.48195,0.58018,0.15828,-0.077581,0.17316,0.48914,0.65311,0.68119,0.61099,0.29176,0.44069,0.78616,0.72459,0.69365,0.57913,0.55296,0.41659,0.58123,0.17385,0.36509,0.36384,0.58121,0.57084,0.34027,0.62403,0.5195,0.49899,0.45506,0.5414,0.92396,0.71526,0.62212,0.45495,0.59543,0.24955,0.24955,0.26677,0.54447,0.60935,0.15844,-0.71531,0.47671,0.3514
-0.02056,-0.030864,0.093285,-0.11663,-0.049077,0.043986,0.079869,0.12369,0.069087,-0.25656,-0.070535,-0.078421,0.48196,-0.32504,-0.023025,0.14955,0.45493,-0.084921,0.014443,-0.34654,-0.062552,0.010674,0.040581,-0.18229,0.20627,0.19851,-0.3741,0.080233,-0.21096,0.034554,0.071189,0.1471,0.068031,-0.17856,-0.33162,-0.013144,0.10046,0.018877,0.26785,-0.024638,0.010545,-0.049304,-0.072985,-0.067894,-0.0071715,-0.23441,-0.10272,-0.05883,-0.020521,-0.07466,0.018701,-0.11013,0.12064,0.017734,-0.11735,-0.03495,-0.096654,-0.41429,0.074633,0.074633,0.079439,0.081211,0.51012,0.11088,-0.78261,0.045199,-0.025315
0.4704,0.41358,0.54643,0.48345,0.46816,0.50479,0.57691,0.51269,0.58965,0.42236,0.40945,0.37457,0.6702,0.59372,0.59127,0.45076,0.5217,0.43564,0.46035,0.4481,0.47724,0.53619,0.47697,0.55382,0.74804,0.60767,0.25418,0.095653,0.40196,0.52037,0.75274,0.74377,0.52211,0.47732,0.30182,0.85376,0.65481,0.93213,0.56825,0.43661,0.40448,0.61086,0.55262,0.37299,0.38738,0.42795,0.41574,0.39361,0.47389,0.4379,0.38588,0.43562,0.56222,0.46356,0.5018,0.54287,0.31846,0.32011,0.53536,0.53536,0.52066,0.47221,0.88777,0.58646,-0.54931,0.52972,0.42197
-0.23373,-0.0939,0.25542,0.18565,0.0068996,0.16947,0.17251,0.17242,0.16596,-0.13915,-0.042055,-0.1374,0.40416,0.034717,0.45859,0.23421,-0.064155,0.079071,0.27233,0.12145,0.09263,0.69265,0.36471,0.018706,0.58949,0.56318,-0.31659,-0.45721,0.17718,0.1268,0.11092,0.1418,0.19735,0.31493,0.11322,0.81439,0.95188,0.39106,0.39303,0.5084,-0.086431,0.94485,0.41202,0.066762,0.044595,0.17961,0.051473,-0.026788,0.17102,0.021619,0.345,0.14084,0.46505,0.059336,0.28141,0.36428,0.13501,-0.56627,-0.32715,-0.32715,-0.32283,0.0014237,0.32067,0.11797,-0.75374,-0.077144,-0.016953
0.082417,0.41473,0.28043,0.23349,0.23925,0.10314,0.01523,0.12324,-0.00969,0.17389,0.23204,0.26321,-0.3554,-0.10994,0.51417,-0.38976,0.25049,0.0097449,-0.015978,-0.051374,-0.26457,-0.58722,0.22807,-0.88715,-0.29963,-0.82128,0.090573,-0.29255,-0.47183,-0.074491,-0.025025,0.1415,-0.092904,0.27627,0.55316,-0.23769,0.16129,-0.49624,0.4502,-0.47098,0.15766,-0.41676,-0.090936,-0.086363,0.02819,0.15176,0.074788,0.04236,0.32535,0.40077,-0.14835,0.20046,-0.015516,-0.041173,0.049791,-0.16581,-0.095861,0.17132,0.18934,0.18934,0.2732,0.027806,-0.59013,0.023299,-0.49392,0.078514,-0.37698
0.13245,-0.55083,-0.43397,-0.66944,-0.19396,-0.46837,-0.3113,-0.46495,-0.45285,-0.58266,-0.64893,-0.64153,-0.63761,0.44647,-0.33585,-0.34649,-0.31802,-0.33477,-0.13942,-0.49199,-0.21359,-0.32225,-0.1957,-0.54232,-0.49157,-0.29478,-0.39864,0.1074,-0.016337,-0.14321,-0.44288,-0.63241,-0.44776,-0.50289,-0.25915,-0.23228,-0.11778,-0.69355,-0.58137,0.061457,0.12029,-0.21816,-0.5777,-0.257,-0.62978,-0.40761,-0.40173,-0.69413,0.34561,0.45725,-0.63099,-0.40026,-0.62855,0.25097,-0.23933,-0.48114,-0.28864,0.43848,-0.22586,-0.22586,-0.53971,0.33454,-0.19989,-0.32117,-0.14718,-0.52092,-0.38255
0.3973,0.83365,0.67194,0.41117,0.50509,0.38175,0.38706,0.23564,0.33283,0.35927,0.48301,0.49412,0.21779,0.057017,1,0.15928,0.19094,0.34747,0.12707,0.15587,0.23225,-0.29912,0.92074,0.053453,-0.020889,0.27978,0.48023,0.028817,0.1327,0.43908,0.39542,0.41693,0.37735,0.37995,0.34413,0.52818,0.036502,0.12022,0.76917,0.52049,0.88567,-0.10794,0.20304,0.31883,0.32838,0.32014,0.44876,0.30237,0.59046,0.62542,0.39573,0.59489,0.46741,0.46776,0.5372,0.52602,0.1735,0.12286,0.12714,0.12714,0.1822,0.092537,-0.023793,-0.043056,-0.25235,0.35613,0.15742
-0.14131,-0.36829,-0.35201,-0.50721,0.37288,0.10282,0.13434,0.34384,0.16544,-0.46932,-0.51616,-0.46539,-0.14128,0.17867,0.0087556,-0.2173,0.024321,-0.20156,-0.077846,-0.15656,-0.15412,-0.22526,0.25218,-0.25002,-0.44031,-0.01109,-0.17623,0.44434,0.4413,0.073883,-0.50958,-0.41541,-0.27574,-0.16388,-0.0028832,0.30942,0.26509,0.14962,-0.18666,0.031892,0.061077,-0.45312,-0.47714,-0.12412,-0.39913,-0.32679,0.071159,-0.40253,0.30011,0.56692,-0.34133,-0.52171,-0.60757,0.61291,-0.019333,-0.35074,-0.0056425,0.36362,-0.060971,-0.060971,-0.29958,0.37844,-0.20601,-0.14488,-0.19215,-0.27571,-0.27659
0.96398,-1,0.95461,-1,-1,-1,-0.91369,-1,-1,-0.94732,-1,-1,0.89314,-0.83987,-1,0.85934,0.69031,-0.66194,-0.86478,0.97428,0.15907,0.13589,-1,0.97766,-0.6773,0.9016,-0.62896,-0.10374,-0.24526,-1,-0.91664,-1,-1,-1,-0.54925,0.072138,0.60871,0.80574,-1,0.19707,0.11707,-0.5074,0.91463,-0.49291,-0.97183,-0.69059,0.74859,-1,-0.86248,0.96498,-1,0.96958,-1,0.75177,-0.92624,0.89958,-0.96675,-0.49291,-0.89324,-0.89324,-0.97795,-0.56772,0.50338,-0.6559,0.4424,-0.94366,-0.89182
0.13027,-0.49414,-0.51923,-0.33136,-0.4695,-0.15391,-0.7734,-0.80942,-0.54437,-0.3603,-0.4024,-0.25564,-0.68786,-0.32821,-0.5669,-0.52015,-0.40196,0.096751,-0.40872,0.061321,-0.24278,0.114,-0.18079,0.54352,-0.74117,0.39156,0.10125,0.060568,0.15009,0.22062,-0.75398,-0.55083,-0.6721,-0.22131,-0.69086,-0.0035117,0.19071,0.2742,-0.38607,-0.33831,0.35119,-0.58527,-0.34358,-0.23594,-0.41041,-0.17933,-0.015388,-0.1845,0.41131,0.63849,-0.65903,-0.5708,-0.79366,0.3317,-0.32768,0.098112,-0.45455,-0.15001,0.31639,0.31639,0.39377,-0.042704,-0.12269,-0.42428,0.082032,-0.69743,0.38819
-0.50563,-0.70961,-0.64661,-0.92422,-0.4986,-0.33783,-0.5644,-0.73723,-0.5786,-0.69969,-0.63739,-0.58782,-0.90083,-0.83781,-0.9143,-0.73586,-0.96965,-0.75638,-0.75211,-0.55525,-0.67635,-0.75497,-0.92281,-0.9455,-0.50146,-0.74649,-0.74503,-0.46529,-0.96106,-0.72023,-0.88799,-0.89234,-0.67645,-0.7911,-0.88315,-0.81586,-0.78474,-0.94123,-0.79036,-0.87962,0.1048,-0.60342,-0.89166,-0.85764,-0.8208,-0.41927,-0.51275,-0.58711,-0.63809,-0.74856,-0.84491,-0.78118,-0.66995,-0.47943,-0.50423,-0.98582,-0.75708,-0.28471,-0.74291,-0.74291,-0.76557,-0.53399,-0.97027,-0.70327,-0.4866,-0.09984,-0.87165
-0.75214,-0.82058,-0.67283,-0.77051,-0.60649,-0.66169,-0.47845,-0.5006,-0.55255,-0.80745,-0.82144,-0.81532,-0.68465,-0.55464,-0.4591,-0.60294,-0.48761,-0.82761,0.54468,-0.61922,-0.69305,-0.70471,-0.68419,-0.74943,-0.77329,-0.56129,-0.79155,1,-0.57137,-0.62275,-0.73433,-0.70275,-0.55486,-0.66122,-0.45062,-0.6472,-0.47488,-0.57373,-0.5643,-0.66089,-0.76717,-0.57394,-0.84774,-0.72569,-0.75573,-0.71122,-0.7096,-0.81545,-0.6717,-0.75177,-0.74055,-0.70718,-0.75459,-0.52476,-0.61032,-0.67379,-0.7085,-0.43936,-0.79639,-0.79639,-0.77415,-0.62522,-0.60653,-0.72903,-0.72015,-0.77469,-0.81105
-0.83163,-0.86696,-0.78407,-0.81245,-0.75564,-0.78454,-0.66338,-0.68955,-0.72746,-0.84726,-0.86166,-0.86586,-0.68848,-0.66445,-0.61459,-0.6382,-0.51109,-0.86727,0.3837,-0.6677,-0.69464,-0.6668,-0.6976,-0.78278,-0.78982,-0.62894,-0.82352,1,-0.5564,-0.68313,-0.78423,-0.76057,-0.65163,-0.67574,-0.5543,-0.7111,-0.57745,-0.59882,-0.64021,-0.75151,-0.82754,-0.63689,-0.83741,-0.78259,-0.80969,-0.80409,-0.80179,-0.86151,-0.76959,-0.82569,-0.82182,-0.77267,-0.81351,-0.71259,-0.73026,-0.7594,-0.79664,-0.60615,-0.80076,-0.80076,-0.79082,-0.72494,-0.62221,-0.69461,-0.67802,-0.82796,-0.85529
-0.6325,-0.3485,0.50697,-0.62713,-0.3124,0.0042599,0.59744,0.67821,0.45581,-0.69623,-0.82549,-0.74224,-0.70048,-0.026512,0.84949,-0.6921,-0.62665,-0.82575,0.20098,-0.94609,-0.58626,-0.99673,-0.81188,-0.2267,-0.51878,-0.6983,-0.94361,-0.9211,-0.92013,0.11079,0.24334,0.31146,-0.65295,-0.65271,-0.65069,-0.73548,-0.52299,-0.57838,-0.15086,0.10475,-1,-0.57383,-0.63208,-0.89111,-0.79953,-0.13659,-0.15327,-0.40265,-0.41247,-0.664,-0.84303,-0.13027,-0.44513,0.18562,-0.080979,0.73444,-0.71594,-0.9844,-0.80851,-0.80851,-0.7093,-0.35191,-0.77038,-0.84576,-0.83866,-0.61673,-0.50046
-0.71637,-0.48718,0.0089641,-0.72069,-0.55098,-0.26136,0.025044,0.01876,-0.065853,-0.79658,-0.8239,-0.83709,-0.52308,0.26317,1,-0.4477,-0.42867,-0.77122,0.10973,-0.74413,-0.37351,-0.97183,-0.73688,0.094538,-0.45591,-0.53161,-0.89317,-0.73888,-0.81007,0.16717,0.32298,0.31274,-0.73285,-0.6051,-0.29363,-0.54917,-0.30931,-0.37141,-0.031291,-0.058756,-0.93191,-0.5549,-0.64103,-0.79891,-0.70713,-0.0022364,-0.22521,-0.40464,-0.47864,-0.62059,-0.67323,-0.26417,-0.28576,0.15738,0.0012014,0.503,-0.46981,-0.83695,-0.56681,-0.56681,-0.43399,0.18314,-0.55424,-0.73149,-0.51565,-0.47339,-0.49872
-0.82731,-0.72128,-0.89463,-0.6951,-0.94561,-0.92391,-0.97169,-0.98832,-0.9786,-0.68641,-0.69419,-0.73565,-0.56996,-0.6168,-0.91765,-0.66866,-0.63801,-0.68671,-0.79869,-0.71198,-0.55996,-0.40559,-0.60024,-0.66433,-0.59455,-0.75901,-0.64722,-0.53162,-0.53999,-0.74674,-0.72586,-0.74968,-0.82617,-0.60942,-0.81472,-0.75733,-0.82328,-0.65137,-0.78082,-0.83748,-0.76519,-0.75803,-0.41393,-0.74644,-0.7357,-0.85882,-0.85844,-0.71248,-0.85845,-0.81584,-0.83238,-0.7738,-0.7587,-1,-0.89381,-0.82076,-0.84291,-0.91552,-0.51849,-0.51849,-0.54562,-0.78512,-0.61015,-0.34656,0.068923,-0.72864,-0.6983
-0.92872,-0.93746,-0.96297,-0.95267,-0.92224,-0.90654,-0.93209,-0.95242,-0.94875,-0.93612,-0.88287,-0.94018,-0.99406,0.16695,-0.99298,-0.81283,-0.57062,-0.97381,-0.95909,-0.97081,-0.97659,-0.96174,-0.98855,-0.96694,-0.96998,-0.99199,-0.88104,-0.66527,-0.73621,-0.97458,-0.97903,-0.97447,-0.98051,-0.98147,-0.97511,-0.98268,-0.96362,-0.98752,-0.98264,-0.978,-0.96296,-0.95901,-0.98038,-0.97139,-0.9362,-0.98626,-0.91157,-0.94259,-0.91644,-0.95952,-0.9844,-0.96846,-0.97302,-0.98112,-0.98203,-0.91626,-0.97046,-0.78533,-0.86351,-0.86351,-0.81091,-0.51042,-0.84713,-0.59018,0.44596,-0.80679,-0.75725
0.37962,-0.12146,0.31745,-0.16475,-0.33665,-0.3407,-0.32032,-0.39202,-0.4299,0.75919,0.35536,0.29925,-0.38238,-0.23199,-0.57424,-0.017326,0.2055,-0.0071323,0.058196,-0.053598,-0.10673,-0.050723,0.69322,-0.27723,0.31729,-0.287,0.075139,0.29803,0.19376,0.34957,0.3101,0.54939,-0.056286,-0.12919,-0.16037,-0.36434,-0.3578,-0.072127,-0.66572,-0.46837,-0.036555,-0.31052,-0.11715,0.37677,0.24764,-0.18654,0.73998,-0.19471,0.53798,0.16156,0.20133,0.024559,0.55586,0.098778,0.25487,-1,-0.032411,0.82317,-0.02783,-0.02783,-0.049955,0.23957,0.29375,0.33627,0.063581,0.09968,-0.020533
-1,-1,-1,-1,-1,-1,-1,-1,-1,-1,-1,-1,-1,0.13043,-1,-1,-0.56522,-1,-1,-1,-1,-1,-1,-1,-1,-1,-1,-1,-1,-1,-1,-1,-1,-1,-0.82609,-1,-1,-1,-1,-1,-1,-1,-1,-1,-1,-1,-1,-1,-1,-1,-1,-1,-1,-1,-1,-1,-1,-1,-1,-1,-1,-0.91304,-1,-1,0.47826,-1,-1
-1,-1,-1,-0.97785,-1,-1,-1,-1,-1,-1,-1,-1,-0.96837,-1,-0.98904,-0.94595,-0.98935,-0.99517,-1,-0.94371,-0.9493,-0.80983,-0.99045,-1,-0.99787,-1,-1,-0.96872,-0.94135,-1,-1,-1,-1,-1,-1,-0.9892,-0.97997,-0.96285,-1,-1,-1,-0.96459,-1,-0.99738,-1,-1,-1,-1,-1,-1,-1,-1,-1,-1,-0.99311,-1,-1,-1,-1,-1,-0.99592,-1,-0.99779,-0.97809,0.0097114,-1,-1
-1,-0.96682,-0.93234,-0.95745,-0.88308,-0.85491,-0.75479,-0.52773,-0.74911,-0.98942,-0.99471,-1,-0.93158,-0.21329,-0.87957,-0.7985,-0.36617,-1,-0.97219,-0.88952,-0.89034,-0.88308,-0.96896,-0.98982,-1,-0.89459,-0.99504,-0.91273,-0.99043,-1,-0.98883,-0.96539,-0.84756,-1,-0.40634,-0.82026,-1,-0.98011,-1,-0.97312,-0.97034,-0.86315,-1,-0.96016,-0.99434,-0.95818,-0.88517,-1,-0.79237,-0.95506,-0.96025,-0.98224,-0.99418,-0.46092,-0.90945,-0.98051,-0.81377,0.89332,-0.94831,-0.94831,-0.9466,-0.7852,-1,-0.75538,-0.69137,-0.99434,-0.99457
-1,-1,-0.99598,-0.87867,-1,-1,-1,-1,-0.7677,-1,-1,-1,-1,-1,-0.89013,-1,-1,-1,-1,-1,-1,-1,-1,-0.96673,-1,-1,-1,-1,-1,-1,-0.99699,-1,-1,-1,-0.93189,-0.99685,-1,-1,-0.99676,-0.97083,-1,-1,-1,-1,-1,-1,-1,-1,-1,-1,-1,-1,-1,-1,-1,-0.97534,-1,-1,-1,-1,-1,-1,-1,-1,-1,-1,-1
0.074022,-0.10415,0.43409,-0.24321,0.65654,0.5787,0.82568,0.61508,0.80696,-0.2295,-0.086276,-0.035638,-0.57235,-0.52342,0.36943,-0.30345,-0.44736,-0.31827,-0.04154,-0.29838,-0.484,-0.7586,-0.50818,-0.36535,-0.68335,-0.28935,-0.35095,-0.39007,-0.44347,-0.15853,-0.27089,-0.24619,-0.24172,-0.41305,0.012758,-0.43491,-0.25425,-0.63975,-0.21165,0.045241,-0.12468,-0.31914,-0.62751,0.037571,0.006,0.25506,0.36089,-0.092567,0.19604,0.055837,0.48191,0.15889,0.024409,0.25532,0.39613,0.20838,0.60002,0.28064,-0.54713,-0.54713,-0.54465,0.083711,-0.51773,-0.67275,-0.72371,0.015143,0.043837
-0.2199,-0.91979,-0.51216,-0.36897,-0.48342,-0.39909,-0.75267,-0.69841,-0.64344,-0.81073,-0.45377,-0.49333,-0.05856,-0.56481,-0.43084,-0.78771,-0.084239,-0.87408,0.17374,-0.82739,-0.5612,0.062258,-0.78373,-0.33596,-0.58727,0.36139,-0.81356,0.49517,0.17656,-0.29619,-0.24425,-0.062311,-0.73545,0.092194,-0.61869,-0.51335,0.13282,-0.67727,-0.92718,-0.6164,-0.36969,-0.50172,-0.75273,-0.26069,-0.43207,-0.71365,-0.20495,-0.33182,-0.41073,0.0090287,0.17889,0.28049,-0.086859,-0.20999,0.075104,-0.24444,-0.023916,0.19791,-0.24328,-0.24328,-0.20957,-0.059431,-0.53414,-0.73882,0.092369,-0.25095,0.14698
0.078371,-0.38834,0.02196,0.25702,-0.33271,0.0050871,0.0038353,0.055239,0.036808,0.0071512,-0.019483,-0.044532,-0.29464,-0.068902,0.29598,-0.48176,-0.1979,0.13864,-0.19436,-0.18588,0.032467,-0.17997,-0.59952,-0.17339,0.0064587,-0.81902,0.19171,-0.51181,-0.36374,0.0083498,0.073869,0.086121,-0.25597,-0.19933,-0.3313,0.066945,-0.023837,0.091102,1,0.040883,-0.43417,-0.20769,0.029204,-0.44892,-0.46543,-0.18817,-0.1412,-0.40597,-0.0086161,-0.18353,-0.067011,-0.48999,-0.61897,0.17364,-0.012558,0.14818,-0.41056,-0.19675,-0.19279,-0.19279,-0.24137,-0.062324,0.096335,-0.15996,-0.56942,-0.031029,0.12923
-0.1188,-0.5245,-0.20992,-0.47922,-0.36227,0.17701,-0.053824,-0.17462,-0.041713,-0.14037,-0.26569,-0.32235,-0.78044,-0.35619,0.036567,0.10331,0.20768,-0.24152,-0.079606,-0.15123,-0.010526,-0.49939,-0.58344,-0.0026769,0.16626,0.062453,-0.4393,-0.086155,-0.36009,-0.03506,-0.25556,-0.30805,-0.12628,0.33311,-0.09047,-0.33815,0.14188,-0.18252,-0.12238,-0.2962,0.27952,-0.65512,-0.4143,-0.63079,-0.63116,-0.4576,-0.038335,-0.69831,-0.28191,-0.31549,-0.1531,-0.58625,-0.84988,-0.1148,-0.36476,-0.35276,0.0038205,0.32386,-0.384,-0.384,-0.14203,0.19734,-0.35816,-0.27432,0.46539,-0.312,-0.0042363
-0.53959,-0.2223,0.017722,-0.37174,-0.034719,-0.20577,0.017611,0.13392,0.059911,-0.57996,-0.58942,-0.58369,-0.96871,0.016627,0.56875,-0.99779,-0.62906,-0.44376,0.15209,-0.8525,-0.47426,-0.99691,-0.98488,-0.81857,-0.88358,-0.97583,-0.85077,-0.56018,-0.55653,0.16168,0.030186,0.0083066,-0.95806,-0.82572,-0.59073,-0.93936,-0.32463,-0.11397,-0.018998,-0.84298,-0.8999,-0.99192,-0.54999,-0.35491,-0.3053,-0.40322,-0.17789,-0.13601,-0.15034,-0.25375,-0.26975,-0.18297,0.39125,0.45743,0.0070024,0.29881,-0.98247,-0.79409,-0.18263,-0.18263,-0.16204,-0.37243,0.10423,-0.48323,-0.66751,-0.32299,0.1556
-0.74734,-0.73087,-0.54386,-0.81776,-0.59032,-0.34465,-0.30453,-0.47545,-0.28055,-0.70885,-0.74148,-0.77377,-0.97945,0.011382,-0.39054,-0.98156,-0.2563,-0.7176,-0.33572,-0.65921,-0.6754,-0.99389,-0.91164,-0.61783,-0.67774,-0.74833,-0.8745,-0.48161,-0.45685,-0.48304,-0.61982,-0.63518,-0.95413,-0.55677,0.14767,-0.74056,-0.49312,-0.48365,-0.566,-0.66757,-0.61785,-0.98933,-0.75821,-0.76159,-0.74288,-0.72162,-0.6364,-0.69667,-0.67746,-0.68345,-0.62362,-0.66288,-0.50036,-0.43986,-0.61708,-0.5281,-0.95176,-0.26168,-0.58956,-0.58956,-0.5652,-0.27183,-0.41817,-0.73296,-0.047915,-0.58562,-0.55002
0.19534,0.015245,0.32656,0.019287,0.40067,0.32173,0.55237,0.55072,0.70752,0.051139,0.014558,0.059284,-0.049973,0.0593,0.63334,0.28022,0.042355,-0.0061337,0.18433,-0.039353,-0.15875,-0.16883,-0.09988,0.032572,0.10779,0.28435,-0.04177,-0.065278,-0.16744,0.38626,0.21298,0.2377,0.2752,0.30295,0.11559,0.14249,0.062684,-0.2243,0.73759,-0.10195,0.28107,0.092008,0.19363,-0.028171,-0.011521,0.21499,0.21858,0.018828,0.26371,0.086968,0.17779,0.11691,0.18065,0.47593,0.31313,-0.030765,0.43104,0.36372,-0.047023,-0.047023,-0.044409,0.16923,0.53537,-0.22793,-0.78962,0.05797,-0.75742
-0.67775,-0.77362,-0.62137,-0.63659,-0.53634,-0.24678,-0.088437,-0.39965,0.037648,-0.77027,-0.77767,-0.76371,-0.83044,-0.36481,-0.44447,-0.36839,-0.25845,-0.77577,-0.52241,-0.48676,-0.72373,-0.77904,-0.71306,-0.77616,-0.78849,-0.51775,-0.75841,-0.45939,-0.33691,-0.082202,-0.71435,-0.70473,-0.47556,-0.17194,-0.32456,-0.7498,-0.04667,0.35227,-0.50337,0.033986,0.02388,-0.72299,-0.46431,-0.76012,-0.61588,-0.66741,-0.64241,-0.77588,-0.65444,-0.69274,-0.66653,-0.75239,-0.72237,-0.49686,-0.62842,1,0.36039,-0.33423,-0.83219,-0.83219,-0.76416,-0.31711,-0.45896,-0.69507,-0.40002,-0.76965,-0.48821
0.033441,-0.034466,0.069897,-0.0037272,0.058731,0.018954,0.15067,0.11985,0.27135,0.040434,-0.010255,-0.0016939,0.032423,0.04049,0.31848,0.30985,0.072973,-0.023221,0.057341,-0.084259,-0.089428,0.012379,-0.052049,0.041204,0.19609,0.21022,-0.025883,0.028074,-0.097304,0.33514,0.1742,0.1728,0.11636,0.40895,-0.061854,0.063401,-0.093633,-0.23639,0.65074,-0.27081,0.19851,0.0092269,0.47705,-0.10506,-0.076003,0.013759,0.017172,-0.021763,0.059843,-0.060424,0.010971,0.017533,0.10198,0.036622,0.05962,-0.18197,0.24544,0.06743,0.078655,0.078655,0.055371,0.011631,0.67424,-0.03961,-0.68423,0.0014991,-0.86072
-0.84155,-0.91188,-0.80464,-0.73317,-0.7552,-0.45597,-0.33422,-0.63474,-0.22789,-0.89675,-0.91339,-0.90016,-0.94253,-0.54703,-0.63625,-0.41168,-0.24196,-0.89993,-0.65106,-0.56995,-0.80093,-0.83696,-0.79846,-0.89465,-0.89412,-0.62461,-0.83846,-0.49098,-0.32736,-0.09943,-0.83949,-0.83611,-0.61073,-0.10892,-0.42587,-0.89058,-0.14629,0.51257,-0.61971,-0.06532,-0.0020689,-0.8588,-0.39188,-0.89617,-0.73749,-0.83657,-0.81225,-0.90603,-0.82429,-0.84448,-0.82225,-0.89818,-0.85784,-0.735,-0.80878,1,0.27455,-0.53144,-0.93688,-0.93688,-0.86159,-0.51455,-0.49035,-0.74781,-0.39883,-0.9038,-0.56537
0.27973,0.011103,0.50622,-0.042656,0.72598,0.62376,0.84738,0.93141,0.87585,-0.061085,-0.036627,0.042742,-0.25346,-0.023223,0.59047,-0.08363,-0.041978,-0.060162,0.20002,-0.0095222,-0.26732,-0.44927,-0.20908,-0.10077,-0.21672,0.094713,-0.12816,-0.27781,-0.27786,0.064557,0.020181,0.072055,0.2692,-0.1943,0.37565,0.089859,0.26123,-0.12464,0.14928,0.30726,0.11393,0.093362,-0.44201,0.064637,0.040925,0.37391,0.37557,-0.005714,0.37951,0.24484,0.29025,0.13191,0.093577,1,0.49843,0.26264,0.32218,0.62917,-0.31973,-0.31973,-0.28099,0.30599,-0.18591,-0.48773,-0.65978,0.037314,-0.021543
-0.80957,-0.89721,-0.88805,-0.92786,-0.65395,-0.6531,-0.6598,-0.71458,-0.73995,-0.90777,-0.83087,-0.89852,-0.99521,-0.13804,-0.96507,-0.65313,0.36152,-0.96109,-0.85946,-0.95238,-0.9675,-0.96659,-0.97964,-0.95663,-0.96862,-0.97023,-0.86137,-0.61392,-0.62952,-0.92398,-0.96367,-0.95308,-0.92158,-0.96677,0.64536,-0.96653,-0.85967,-0.98413,-0.9607,-0.93985,-0.95056,-0.92158,-0.98941,-0.94765,-0.88689,-0.9549,-0.73898,-0.91172,-0.75816,-0.90447,-0.95639,-0.93779,-0.94613,-0.87476,-0.93515,-0.78256,-0.91633,-0.22122,-0.89266,-0.89266,-0.85078,0.11688,-0.82929,-0.78441,-0.52306,-0.77288,-0.75312
-0.78617,-0.88707,-0.98941,-0.97224,-0.75189,-0.86327,-0.91649,-0.91362,-0.91512,-0.9175,-0.86398,-0.76622,0.0034253,-0.76233,-0.9865,-0.9909,-0.44174,-0.96519,-0.32718,-0.84414,-0.54072,-0.97916,-0.93815,-0.99635,-0.18943,-0.9276,-0.93023,-0.76195,-0.8305,-0.97052,-0.90296,-0.93894,-0.94462,-0.86942,-0.94298,-0.87556,-0.9128,-0.97768,0.0054363,-0.9741,-0.42306,-0.28791,-0.97501,-0.92493,-0.89328,-0.98069,-0.96656,-0.94718,-0.95596,-0.87662,-0.97224,-0.7642,-0.87317,-0.15193,-0.99801,-0.94984,-1,-0.69344,-0.93991,-0.93991,-0.88829,-0.8301,-0.79618,-0.83919,-0.53232,-0.80518,-0.94409
-0.71392,-0.98175,-0.97489,-0.98184,-0.89647,-0.96963,-0.93707,-0.90785,-0.93988,-0.89369,-0.87069,-0.91976,-0.90683,-0.90954,-0.98213,-0.88409,-0.91054,-0.97944,-0.68368,-0.93489,-0.95353,-0.36099,0.1008,-0.92661,-0.47017,-0.9703,-0.67295,-0.91288,-0.92039,-0.95453,-0.97317,-0.93052,1,-0.20461,-0.78692,-0.93297,-0.59731,-0.35698,-0.96711,-0.79101,-0.80449,-0.82931,-0.78424,-0.96389,-0.97179,-0.67159,-0.88659,-0.98317,-0.7361,-0.73673,-0.59537,-0.93633,-0.95145,-0.89263,-0.98579,-0.94837,-0.94098,-0.8589,-0.92654,-0.92654,-0.95004,-0.88921,-0.69152,-0.85511,-0.85557,-0.90833,-0.99625
-0.9975,-0.97864,-0.99826,-0.99438,-0.99187,-0.98454,-0.99543,-0.99679,-0.99513,-0.99735,-0.99643,-0.99009,-0.96354,-0.99108,-0.99698,-0.99972,-0.97886,-0.99388,-0.99284,-0.99182,-0.96644,-0.99994,-0.99987,-0.99977,-0.99487,-0.9915,-0.99931,-0.99072,-0.99275,-0.99766,-0.98749,-0.99696,-0.99997,-0.9995,-0.99912,-0.99365,-0.99931,-0.99993,-0.89646,-0.9996,-0.99004,-0.9859,-0.99963,-0.99277,-0.98694,-0.99984,-0.99898,-0.9889,-0.99946,-0.99844,-0.99981,-0.98739,-0.99104,-0.97327,-0.99892,-0.9966,-0.9999,-0.99265,-0.99717,-0.99717,-0.99231,-0.99479,-0.9978,-0.99625,-0.98905,-0.99277,-0.94742
-0.51873,0.021981,-0.18829,-0.2221,-0.23483,-0.79501,-0.85329,-0.80747,-0.88445,-0.38976,-0.87223,-0.86285,-0.66104,-0.14917,-0.353,-0.73752,-0.12544,-0.14376,-0.39559,0.22247,-0.3711,-0.3838,-0.28013,-0.27556,-0.65082,-0.41736,-0.43318,-0.33992,-0.25757,-0.26677,-0.38597,-0.50059,-0.70875,-0.50076,0.29676,-0.468,0.21846,-0.13266,-0.31953,0.078475,-0.44863,-0.53414,-0.56825,-0.73631,-0.64361,0.18163,-0.62266,-0.43347,-0.32443,-0.49039,-0.37742,-0.51249,-0.48865,0.1935,-0.42139,-0.83038,-0.30757,-0.4112,-0.35774,-0.35774,-0.3765,-0.12552,-0.25216,-0.65116,-0.56676,-0.44273,-0.55309
0.84215,0.85727,0.85889,0.85773,0.85136,0.85905,0.85915,0.85897,0.8596,0.85106,0.84915,0.8515,0.87001,0.88638,0.86181,0.87446,0.86559,0.85892,0.86098,0.77646,0.86132,0.87976,0.81665,0.25586,0.8442,0.87705,0.85303,0.84633,0.85951,0.86127,0.8619,0.86288,0.85031,0.86956,0.48632,0.86598,0.82627,0.85789,0.85962,-1,0.90412,0.86984,0.86194,0.86135,0.86129,0.85946,0.8562,0.8589,0.85754,0.85231,0.85274,0.86029,0.86334,0.86048,0.8623,0.85998,0.26144,0.89596,0.85083,0.85083,0.84179,0.85931,0.86277,0.8473,0.76966,0.85749,0.85892
